{
    "counter": {
        "ACTIVE": 18893,
        "INACTIVE": 2107,
        "INVALID": 0,
        "MALICIOUS": 0,
        "SANE": 0,
        "VALID": 0,
        "total": 21000
    },
    "percentage": {
        "ACTIVE": 89.96666666666667,
        "INACTIVE": 10.037157012195122,
        "INVALID": 0,
        "MALICIOUS": 0,
        "SANE": 0,
        "VALID": 0,
        "total": 100.00382367886179
    }
}