{
    "counter": {
        "ACTIVE": 19568,
        "INACTIVE": 1432,
        "INVALID": 0,
        "MALICIOUS": 0,
        "SANE": 0,
        "VALID": 0,
        "total": 21000
    },
    "percentage": {
        "ACTIVE": 93.18095238095238,
        "INACTIVE": 6.824572272792261,
        "INVALID": 0,
        "MALICIOUS": 0,
        "SANE": 0,
        "VALID": 0,
        "total": 100.00552465374464
    }
}