{
    "counter": {
        "ACTIVE": 18968,
        "INACTIVE": 2032,
        "INVALID": 0,
        "MALICIOUS": 0,
        "SANE": 0,
        "VALID": 0,
        "total": 21000
    },
    "percentage": {
        "ACTIVE": 90.32380952380953,
        "INACTIVE": 9.681261613225976,
        "INVALID": 0,
        "MALICIOUS": 0,
        "SANE": 0,
        "VALID": 0,
        "total": 100.0050711370355
    }
}