{
    "counter": {
        "ACTIVE": 19242,
        "INACTIVE": 1758,
        "INVALID": 0,
        "MALICIOUS": 0,
        "SANE": 0,
        "VALID": 0,
        "total": 21000
    },
    "percentage": {
        "ACTIVE": 91.62857142857143,
        "INACTIVE": 8.371827229868089,
        "INVALID": 0,
        "MALICIOUS": 0,
        "SANE": 0,
        "VALID": 0,
        "total": 100.00039865843952
    }
}