{
    "counter": {
        "ACTIVE": 15878,
        "INACTIVE": 5120,
        "INVALID": 2,
        "MALICIOUS": 0,
        "SANE": 0,
        "VALID": 0,
        "total": 21000
    },
    "percentage": {
        "ACTIVE": 75.60952380952381,
        "INACTIVE": 24.41583214115403,
        "INVALID": 0.011835019823658205,
        "MALICIOUS": 0,
        "SANE": 0,
        "VALID": 0,
        "total": 100.0371909705015
    }
}