{
    "counter": {
        "ACTIVE": 19175,
        "INACTIVE": 1825,
        "INVALID": 0,
        "MALICIOUS": 0,
        "SANE": 0,
        "VALID": 0,
        "total": 21000
    },
    "percentage": {
        "ACTIVE": 91.30952380952381,
        "INACTIVE": 8.692959893302849,
        "INVALID": 0,
        "MALICIOUS": 0,
        "SANE": 0,
        "VALID": 0,
        "total": 100.00248370282665
    }
}