{
    "counter": {
        "ACTIVE": 16984,
        "INACTIVE": 4015,
        "INVALID": 1,
        "MALICIOUS": 0,
        "SANE": 0,
        "VALID": 0,
        "total": 21000
    },
    "percentage": {
        "ACTIVE": 80.87619047619047,
        "INACTIVE": 19.122690036197373,
        "INVALID": 0.005896921806816842,
        "MALICIOUS": 0,
        "SANE": 0,
        "VALID": 0,
        "total": 100.00477743419466
    }
}