{
    "counter": {
        "ACTIVE": 19611,
        "INACTIVE": 1389,
        "INVALID": 0,
        "MALICIOUS": 0,
        "SANE": 0,
        "VALID": 0,
        "total": 21000
    },
    "percentage": {
        "ACTIVE": 93.38571428571429,
        "INACTIVE": 6.623432358971914,
        "INVALID": 0,
        "MALICIOUS": 0,
        "SANE": 0,
        "VALID": 0,
        "total": 100.0091466446862
    }
}