{
    "counter": {
        "ACTIVE": 19374,
        "INACTIVE": 1626,
        "INVALID": 0,
        "MALICIOUS": 0,
        "SANE": 0,
        "VALID": 0,
        "total": 21000
    },
    "percentage": {
        "ACTIVE": 92.25714285714285,
        "INACTIVE": 7.743225867898471,
        "INVALID": 0,
        "MALICIOUS": 0,
        "SANE": 0,
        "VALID": 0,
        "total": 100.00036872504133
    }
}